"abidance","abidance"
"abidance","abidance"
"abide","respeitar"
"abilities","habilidades"
"ability","capacidade"
"able","capaz"
"above","acima"
"above-average","acima da média"
"abound","abundam"
"absolve","absolvê"
"abundant","abundante"
"abundance","abundância"
"accede","aderir"
"accept","aceitar"
"acceptance","aceitação"
"acceptable","aceitável"
"accessible","acessível"
"acclaim","aclamação"
"acclaim","aclamação"
"acclaimed","aclamado"
"acclamation","aclamação"
"accolade","accolade"
"accolades","elogios"
"accommodative","acomodatícia"
"accomplish","realizar"
"accomplishment","realização"
"accomplishments","realizações"
"accord","acordo"
"accordance","conformidade"
"accordantly","accordantly"
"accurate","preciso"
"accurately","com precisão"
"achievable","realizáveis"
"achieve","alcançar"
"achievement","realização"
"achievements","realizações"
"acknowledge","reconhecer"
"acknowledgement","reconhecimento"
"acquit","absolver"
"active","ativo"
"acumen","perspicácia"
"adaptable","adaptável"
"adaptability","adaptabilidade"
"adaptive","adaptativo"
"adept","hábeis"
"adeptly","adeptly"
"adequate","adequada"
"adherence","adesão"
"adherent","aderente"
"adhesion","adesão"
"admirable","admirável"
"admirer","admirador"
"admirable","admirável"
"admirably","admiravelmente"
"admiration","admiração"
"admire","admirar"
"admiring","admirando"
"admiringly","admiringly"
"admission","admissão"
"admission","admissão"
"admit","admitir"
"admittedly","reconhecidamente"
"adorable","adorável"
"adore","adoro"
"adored","adorado"
"adorer","adorador"
"adorer","adorador"
"adoring","adorando"
"adoringly","adoração"
"adroit","adroit"
"adroitly","adroitly"
"adulate","adular"
"adulation","adulação"
"adulatory","adulatory"
"advanced","avançada"
"advantage","vantagem"
"advantage","vantagem"
"advantageous","vantajosa"
"advantages","vantagens"
"advantages","vantagens"
"adventure","aventura"
"adventure","aventura"
"adventuresome","aventureiro"
"adventurism","aventureirismo"
"adventurous","aventureiro"
"advice","conselho"
"advice","conselho"
"advisable","aconselhável"
"advocate","defensor"
"advocacy","advocacy"
"affable","afável"
"affability","afabilidade"
"affably","afavelmente"
"affection","carinho"
"affection","carinho"
"affectionate","afetuoso"
"affinity","afinidade"
"affirm","afirmar"
"affirmation","afirmação"
"affirmation","afirmação"
"affirmative","afirmativa"
"affluent","afluente"
"affluence","afluência"
"afford","pagar"
"affordable","affordable"
"afloat","à tona"
"agile","ágil"
"agilely","agilely"
"agility","agilidade"
"agree","Concordo"
"agreeability","agreeability"
"agreeable","agradável"
"agreeable","agradável"
"agreeableness","agreeableness"
"agreeably","agreeably"
"agreement","acordo"
"agreement","acordo"
"allay","acalmar"
"alleviate","aliviar"
"allow","permitir"
"allowable","permissível"
"allure","allure"
"allure","allure"
"alluring","sedutor"
"alluringly","alluringly"
"ally","aliado"
"almighty","almighty"
"altruist","altruísta"
"altruistic","altruísta"
"altruistically","altruisticamente"
"amaze","surpreender"
"amazed","espantado"
"amazement","assombro"
"amazing","incrível"
"amazing","incrível"
"amazingly","espantosamente"
"ambitious","ambiciosa"
"ambitious","ambiciosa"
"ambitiously","ambiciosamente"
"ameliorate","melhorar"
"amenable","passíveis"
"amenity","amenidade"
"amiability","amabilidade"
"amiabily","amiabily"
"amiable","amável"
"amicability","amicability"
"amicable","amigável"
"amicably","amigavelmente"
"amity","amizade"
"amity","amizade"
"amnesty","anistia"
"amour","amour"
"ample","amplo"
"amply","amplamente"
"amuse","amuse"
"amusement","diversões"
"amusement","diversões"
"amusing","divertido"
"amusing","divertido"
"amusingly","divertidamente"
"angel","anjo"
"angelic","angelical"
"animated","animado"
"apostle","apóstolo"
"apostle","apóstolo"
"apotheosis","apoteose"
"apotheosis","apoteose"
"appeal","apelo"
"appeal","apelo"
"appeal","apelo"
"appealing","atraente"
"appease","aplacar"
"applaud","aplaudo"
"appreciable","apreciável"
"appreciate","apreciar"
"appreciation","valorização"
"appreciation","valorização"
"appreciative","apreciativo"
"appreciatively","appreciatively"
"appreciativeness","appreciativeness"
"appropriate","apropriada"
"approval","aprovação"
"approve","aprovar"
"apt","apt"
"aptly","apropriadamente"
"aptitude","aptidão"
"ardent","ardente"
"ardently","ardentemente"
"ardor","ardor"
"aristocratic","aristocrática"
"arousal","excitação"
"arouse","despertar"
"arousing","despertando"
"arresting","prendendo"
"articulate","articular"
"ascendant","ascendente"
"ascendant","ascendente"
"ascertainable","determinável"
"ascertainable","determinável"
"aspiration","aspiração"
"aspirations","aspirações"
"aspirations","aspirações"
"aspire","aspire"
"assent","assentimento"
"assertions","asserções"
"assertions","asserções"
"assertive","assertivo"
"asset","ativo"
"assiduous","assídua"
"assiduously","assiduamente"
"assuage","aplacar"
"assurance","garantia"
"assurance","garantia"
"assurances","garantias"
"assurances","garantias"
"assure","assegurar"
"assuredly","seguramente"
"astonish","surpreender"
"astonished","atônito"
"astonishing","surpreendente"
"astonishing","surpreendente"
"astonishingly","espantosamente"
"astonishment","assombro"
"astound","surpreendê"
"astounded","estupefacto"
"astounding","surpreendente"
"astounding","surpreendente"
"astounding","surpreendente"
"astoundingly","espantosamente"
"astute","astuto"
"astutely","astutamente"
"asylum","asilo"
"asylum","asilo"
"attain","atingir"
"attainable","atingível"
"attentive","atencioso"
"attest","atestar"
"attraction","atração"
"attraction","atração"
"attractive","atraente"
"attractive","atraente"
"attractively","atraente"
"attune","sintonizar"
"auspicious","auspicioso"
"authentic","autêntico"
"authoritative","autoritária"
"award","prêmio"
"award","prêmio"
"autonomous","autônoma"
"aver","aver"
"avid","ávido"
"avidly","avidamente"
"awe","awe"
"awe","awe"
"awed","reverente"
"awesome","incrível"
"awesome","incrível"
"awesomely","impressionante"
"awesomeness","grandiosidade"
"awestruck","aterrado"
"back","de volta"
"backbone","backbone"
"balanced","equilibrada"
"bargain","barganha"
"bargain","barganha"
"basic","básico"
"bask","aquecer"
"beacon","beacon"
"beatify","beatificar"
"beauteous","bela"
"beautiful","bela"
"beautiful","bela"
"beautifully","lindamente"
"beautify","embelezar"
"beauty","beleza"
"befit","convir"
"befitting","condizente"
"befriend","amizade"
"believable","crível"
"beloved","amado"
"benefactor","benfeitor"
"beneficial","benéfico"
"beneficent","beneficente"
"beneficial","benéfico"
"beneficially","beneficamente"
"beneficiary","beneficiário"
"beneficiary","beneficiário"
"benefit","benefício"
"benefit","benefício"
"benefits","benefícios"
"benefits","benefícios"
"benevolence","benevolência"
"benevolent","benevolente"
"benign","benigno"
"best","o melhor"
"best-known","mais conhecido"
"best-performing","com melhor desempenho"
"best-selling","best-seller"
"better","melhor"
"better","melhor"
"better-known","mais conhecidas"
"better-than-expected","melhor do que o esperado"
"blameless","irrepreensível"
"bless","abençoe"
"blessing","bênção"
"blessing","bênção"
"bliss","bem-aventurança"
"blissful","bem-aventurado"
"blissfully","alegremente"
"blithe","blithe"
"bloom","bloom"
"blossom","flor"
"boast","ostentação"
"bold","negrito"
"boldly","corajosamente"
"boldness","ousadia"
"bolster","reforçar"
"bonny","bonny"
"bonus","bônus"
"boom","crescimento"
"booming","florescente"
"boost","boost"
"boost","boost"
"boundless","sem limites"
"bountiful","abundante"
"brains","cérebros"
"brains","cérebros"
"brainy","inteligente"
"brave","valente"
"brave","valente"
"bravery","bravura"
"bravery","bravura"
"breakthrough","avanço"
"breakthrough","avanço"
"breakthroughs","avanços"
"breakthroughs","avanços"
"breathlessness","falta de ar"
"breathlessness","falta de ar"
"breathtaking","de tirar o fôlego"
"breathtakingly","de tirar o fôlego"
"bright","brilhante"
"brighten","iluminar"
"brightness","brilho"
"brilliance","brilho"
"brilliant","brilhante"
"brilliant","brilhante"
"brilliantly","brilhantemente"
"brisk","vivo"
"broad","ampla"
"brook","ribeiro"
"brotherly","fraternal"
"bull","touro"
"bull","touro"
"bullish","bullish"
"bullish","bullish"
"buoyant","flutuante"
"calm","calma"
"calm","calma"
"calming","calmante"
"calmness","calma"
"candid","candid"
"candor","candor"
"capable","capaz"
"capability","capacidade"
"capably","competentemente"
"capitalize","capitalizar"
"captivate","cativar"
"captivating","cativante"
"captivation","captivation"
"care","cuidados"
"carefree","despreocupado"
"careful","cuidadoso"
"catalyst","catalisador"
"catalyst","catalisador"
"catchy","catchy"
"celebrate","celebrar"
"celebrated","célebre"
"celebration","celebração"
"celebratory","comemorativo"
"celebrity","celebridade"
"champion","campeão"
"champion","campeão"
"champ","champ"
"champion","campeão"
"charismatic","carismático"
"charitable","caridade"
"charitable","caridade"
"charity","caridade"
"charm","encanto"
"charm","encanto"
"charm","encanto"
"charming","charmoso"
"charming","charmoso"
"charmingly","encantadoramente"
"chaste","casto"
"cheer","alegria"
"cheer","alegria"
"cheery","alegre"
"cheerful","alegre"
"cherish","acalentar"
"cherished","acarinhados"
"cherub","querubim"
"chic","chique"
"chivalry","cavalheirismo"
"chivalrous","cavalheiresco"
"chum","chum"
"civility","civilidade"
"civilization","civilização"
"civilize","civilizar"
"civilize","civilizar"
"civil","Civil"
"clarity","clareza"
"classic","clássico"
"clean","limpo"
"cleanliness","limpeza"
"cleanse","limpar"
"clear","claro"
"clear-cut","clara"
"clearer","mais clara"
"clearer","mais clara"
"clearly","claramente"
"clever","inteligente"
"closeness","proximidade"
"closeness","proximidade"
"clout","influência"
"clout","influência"
"co-operation","cooperação"
"co-operation","cooperação"
"coax","coaxial"
"coddle","coddle"
"cogent","cogente"
"cohesive","coesa"
"cohere","cohere"
"coherence","coerência"
"coherence","coerência"
"coherent","coerente"
"cohesion","coesão"
"cohesive","coesa"
"colorful","colorido"
"colossal","colossal"
"comeback","comeback"
"comeback","comeback"
"comely","formoso"
"comfort","conforto"
"comfortable","confortável"
"comfortable","confortável"
"comfortably","confortavelmente"
"comforting","confortante"
"commend","recomendo"
"commendable","louvável"
"commendably","louvavelmente"
"commensurate","comensurável"
"commonsense","senso comum"
"commonsensible","commonsensible"
"commonsensibly","commonsensibly"
"commonsensical","commonsensical"
"commodious","cômoda"
"commitment","compromisso"
"commitment","compromisso"
"compact","compacta"
"compassion","compaixão"
"compassionate","compassivo"
"compatible","compatível"
"compatible","compatível"
"compelling","convincente"
"compelling","convincente"
"compensate","compensar"
"competent","competente"
"competence","competência"
"competency","competência"
"competitive","competitivo"
"competitive","competitivo"
"competitiveness","competitividade"
"complement","complemento"
"complement","complemento"
"compliant","compliant"
"compliant","compliant"
"compliment","elogio"
"complimentary","cortesia"
"comprehensive","abrangente"
"compromise","compromisso"
"compromise","compromisso"
"compromise","compromisso"
"compromises","compromissos"
"compromises","compromissos"
"comrades","camaradas"
"comrades","camaradas"
"conceivable","concebível"
"conceivable","concebível"
"conciliate","conciliar"
"conciliatory","conciliatória"
"conclusive","conclusiva"
"concrete","concreto"
"concur","concur"
"condone","toleram"
"conducive","conducente"
"conducive","conducente"
"confer","conferir"
"confidence","confiança"
"confidence","confiança"
"confident","confiante"
"confute","refutar"
"congenial","congenial"
"congratulate","felicito"
"congratulations","parabéns"
"congratulations","parabéns"
"congratulatory","congratulações"
"conquer","conquistar"
"conscience","consciência"
"conscientious","consciencioso"
"consensus","consenso"
"consent","consentimento"
"considerate","atencioso"
"consistent","consistente"
"console","consola"
"constancy","constância"
"constructive","construtivo"
"constructive","construtivo"
"constructive","construtivo"
"consummate","consumado"
"content","conteúdo"
"content","conteúdo"
"contentment","contentamento"
"continuity","continuidade"
"contribution","contribuição"
"contribution","contribuição"
"convenient","conveniente"
"convenient","conveniente"
"conveniently","convenientemente"
"conviction","convicção"
"conviction","convicção"
"convince","convencer"
"convincing","convincente"
"convincing","convincente"
"convincingly","convincentemente"
"cooperate","cooperar"
"cooperation","cooperação"
"cooperation","cooperação"
"cooperative","cooperativa"
"cooperatively","cooperativamente"
"cordial","cordial"
"cornerstone","pedra angular"
"cornerstone","pedra angular"
"correct","correto"
"correct","correto"
"correctly","corretamente"
"cost-effective","relação custo-benefício"
"cost-saving","de redução de custos"
"courage","coragem"
"courage","coragem"
"courageous","corajoso"
"courageously","corajosamente"
"courageousness","courageousness"
"court","tribunal"
"courteous","cortês"
"courtesy","cortesia"
"courtly","cortês"
"covenant","pacto"
"cozy","aconchegante"
"crave","anseiam"
"craving","desejo"
"creative","criativo"
"credence","credibilidade"
"credence","credibilidade"
"credible","credível"
"crisp","crisp"
"crusade","cruzada"
"crusade","cruzada"
"crusader","cruzado"
"cure-all","cura-tudo"
"cure-all","cura-tudo"
"curious","curioso"
"curiously","curiosamente"
"cute","bonito"
"dance","dança"
"dance","dança"
"dare","ousam"
"daring","ousada"
"daringly","ousadamente"
"darling","querida"
"dashing","arrojado"
"dauntless","destemido"
"dawn","madrugada"
"daydream","devaneio"
"daydreamer","sonhador"
"dazzle","deslumbramento"
"dazzled","deslumbrados"
"dazzling","deslumbrante"
"deal","negócio"
"dear","caro"
"decent","decente"
"decency","decência"
"decisive","decisivo"
"decisiveness","determinação"
"decisiveness","determinação"
"dedicated","dedicado"
"defend","defender"
"defender","defensor"
"defender","defensor"
"deference","deferência"
"defense","defesa"
"definite","definitiva"
"definitely","definitivamente"
"definitive","definitiva"
"definitive","definitiva"
"definitively","definitivamente"
"deflationary","deflacionária"
"deft","hábil"
"delectable","deleitável"
"delicacy","iguaria"
"delicate","delicado"
"delicious","delicioso"
"delight","prazer"
"delight","prazer"
"delighted","encantados"
"delightful","delicioso"
"delightful","delicioso"
"delightfully","deliciosamente"
"delightfulness","doçura"
"democratic","democrática"
"demystify","desmistificar"
"dependable","confiável"
"deserve","merecem"
"deserved","merecia"
"deservedly","merecidamente"
"deserving","merecedores"
"desirable","desejável"
"desire","desejo"
"desire","desejo"
"desire","desejo"
"desirous","desejosos"
"destine","destine"
"destined","destinado"
"destinies","destinos"
"destinies","destinos"
"destiny","destino"
"determination","determinação"
"determination","determinação"
"devote","dedicar"
"devoted","devotado"
"devotee","devoto"
"devotion","devoção"
"devout","devota"
"dexterity","destreza"
"dexterous","destro"
"dexterously","dexterously"
"dextrous","dextrous"
"dig","dig"
"dignified","digna"
"dignify","dignificar"
"dignity","dignidade"
"diligence","diligence"
"diligent","diligente"
"diligently","diligentemente"
"diplomatic","diplomática"
"diplomatic","diplomática"
"discerning","exigentes"
"discreet","discreto"
"discreet","discreto"
"discretion","discrição"
"discriminating","discriminante"
"discriminatingly","discriminatingly"
"distinct","distinta"
"distinction","distinção"
"distinctive","distintiva"
"distinctive","distintiva"
"distinctive","distintiva"
"distinguish","distinguir"
"distinguished","distinguidos"
"diversified","diversificada"
"divine","divina"
"divine","divina"
"divinely","divinamente"
"dodge","esquivar"
"dodge","esquivar"
"dote","dote"
"dotingly","carinhosamente"
"doubtless","sem dúvida"
"dream","sonhar"
"dream","sonhar"
"dream","sonhar"
"dreamland","terra dos sonhos"
"dreams","sonhos"
"dreams","sonhos"
"dreamy","sonhador"
"drive","unidade"
"driven","impulsionado"
"durable","durável"
"durability","durabilidade"
"dynamic","dinâmica"
"eager","ansioso"
"eagerly","avidamente"
"eagerness","ânsia"
"earnest","fervorosa"
"earnestly","fervorosamente"
"earnestness","seriedade"
"ease","facilidade"
"ease","facilidade"
"easier","mais fácil"
"easiest","mais fácil"
"easily","facilmente"
"easiness","facilidade"
"easy","fácil"
"easygoing","descontraído"
"ebullience","ebullience"
"ebullient","efervescente"
"ebulliently","efervescente"
"eclectic","eclética"
"economical","econômico"
"ecstasies","êxtases"
"ecstasy","ecstasy"
"ecstatic","extática"
"ecstatically","ecstatically"
"edify","edificam"
"educable","educável"
"educated","educados"
"educational","educacional"
"effective","eficaz"
"effectiveness","eficácia"
"effectual","eficaz"
"efficacious","eficaz"
"efficiency","eficiência"
"efficient","eficiente"
"effortless","sem esforço"
"effortlessly","sem esforço"
"effusion","efusão"
"effusive","efusiva"
"effusively","efusivamente"
"effusiveness","efusividade"
"egalitarian","igualitária"
"elan","elan"
"elate","elate"
"elated","exultante"
"elatedly","elatedly"
"elation","euforia"
"electrification","eletrificação"
"electrification","eletrificação"
"electrify","eletrificar"
"elegance","elegância"
"elegant","elegante"
"elegantly","elegantemente"
"elevate","elevar"
"elevated","elevada"
"eligible","elegíveis"
"elite","elite"
"eloquence","eloqüência"
"eloquent","eloqüente"
"eloquently","eloquentemente"
"emancipate","emancipar"
"embellish","embelezar"
"embolden","embolden"
"embrace","abraço"
"eminence","eminência"
"eminent","eminente"
"empower","capacitar"
"empowerment","empoderamento"
"enable","possibilitar"
"enchant","encantar"
"enchanted","encantada"
"enchanting","encantadora"
"enchantingly","enchantingly"
"encourage","encorajar"
"encouragement","incentivo"
"encouragement","incentivo"
"encouraging","encorajador"
"encouraging","encorajador"
"encouragingly","encorajando"
"endear","encarecer"
"endearing","cativante"
"endorse","endossar"
"endorsement","endosso"
"endorsement","endosso"
"endorser","endossante"
"endurable","suportável"
"endure","suportar"
"enduring","duradouro"
"energetic","energético"
"energetic","energético"
"energize","energizar"
"engaging","envolvente"
"engrossing","cativante"
"enhance","melhorar"
"enhanced","aprimorada"
"enhancement","aprimoramento"
"enjoy","desfrutar"
"enjoyable","agradável"
"enjoyably","enjoyably"
"enjoyment","fruição"
"enlighten","iluminar"
"enlightenment","iluminação"
"enliven","animar"
"ennoble","enobrecer"
"enrapt","enrapt"
"enrapture","arrebatar"
"enraptured","arrebatado"
"enrich","enriquecer"
"enrichment","enriquecimento"
"ensure","garantir"
"enterprising","empreendedora"
"entertain","entreter"
"entertaining","divertido"
"enthral","encantar"
"enthrall","encantar"
"enthralled","encantado"
"enthuse","entusiasmar"
"enthusiasm","entusiasmo"
"enthusiast","entusiasta"
"enthusiastic","entusiástico"
"enthusiastically","entusiasticamente"
"entice","seduzir"
"enticing","sedutora"
"enticingly","sedutoramente"
"entrance","entrada"
"entranced","em transe"
"entrancing","entrancing"
"entreat","rogar"
"entreatingly","entreatingly"
"entrust","Entrust"
"enviable","invejável"
"enviably","invejavelmente"
"envision","visionar"
"envisions","Envisions"
"envisions","Envisions"
"epic","épico"
"epitome","epítome"
"equality","igualdade"
"equality","igualdade"
"equitable","equitativo"
"erudite","erudita"
"essential","essencial"
"especially","especialmente"
"esteem","estima"
"esteem","estima"
"established","estabelecido"
"eternity","eternidade"
"eternity","eternidade"
"ethical","ética"
"eulogize","eulogize"
"euphoria","euforia"
"euphoric","eufórico"
"euphorically","euforicamente"
"even","mesmo"
"evenly","uniformemente"
"eventful","agitado"
"everlasting","eterna"
"evident","evidente"
"evidently","evidentemente"
"evocative","evocativa"
"exalt","exaltam"
"exalt","exaltam"
"exaltation","exaltação"
"exalted","exaltado"
"exaltedly","exaltadamente"
"exalting","exaltando"
"exaltingly","exaltingly"
"exceed","exceder"
"exceeding","superior"
"exceedingly","extremamente"
"excel","excel"
"excellence","excelência"
"excellency","Excelência"
"excellent","excelente"
"excellently","excelentemente"
"exceptional","excepcional"
"exceptionally","excepcionalmente"
"excite","excitar"
"excited","animado"
"excitedly","animadamente"
"excitedness","excitedness"
"excitement","emoção"
"exciting","emocionante"
"excitingly","emocionantemente"
"exclusive","exclusivo"
"excusable","desculpável"
"excusable","desculpável"
"excuse","desculpa"
"exemplar","exemplar"
"exemplary","exemplar"
"exhaustive","exaustiva"
"exhaustively","exaustivamente"
"exhilarate","exhilarate"
"exhilarating","emocionante"
"exhilaratingly","exhilaratingly"
"exhilaration","alegria"
"exonerate","exonerar"
"expansive","expansiva"
"experienced","experimentado"
"expert","especialista"
"expertly","habilmente"
"explicit","explícita"
"explicitly","explicitamente"
"expressive","expressiva"
"exquisite","requintado"
"exquisitely","requintadamente"
"extol","exaltar"
"extoll","extoll"
"extraordinarily","extraordinariamente"
"extraordinary","extraordinário"
"exuberance","exuberância"
"exuberant","exuberante"
"exuberantly","exuberantemente"
"exult","exultai"
"exultation","exultação"
"exultingly","exultantemente"
"fabulous","fabuloso"
"fabulously","fabulosamente"
"facilitate","facilitar"
"fair","feira"
"fair","feira"
"fairly","bastante"
"fairness","justiça"
"fairness","justiça"
"faith","fé"
"faith","fé"
"faithful","fiel"
"faithful","fiel"
"faithfully","fielmente"
"faithfulness","fidelidade"
"famed","famoso"
"fame","fama"
"famed","famoso"
"famous","famoso"
"famously","famosamente"
"fancy","fantasia"
"fancy","fantasia"
"fanfare","fanfarra"
"fanfare","fanfarra"
"fantastic","fantástico"
"fantastically","fantasticamente"
"fantasy","fantasia"
"fantasy","fantasia"
"farsighted","previdente"
"fascinate","fascinam"
"fascinating","fascinante"
"fascinatingly","fascinatingly"
"fascination","fascínio"
"fashionable","moda"
"fashionably","moda"
"fast-growing","crescimento rápido"
"fast-paced","acelerado"
"fastest-growing","que mais cresce"
"fathom","braça"
"favor","favorecer"
"favor","favorecer"
"favor","favorecer"
"favorable","favorável"
"favorable","favorável"
"favored","favoreceram"
"favorite","favorito"
"favour","favorecer"
"fearless","fearless"
"fearlessly","sem medo"
"feasible","viável"
"feasibly","viabilizar"
"feat","façanha"
"featly","featly"
"feisty","mal-humorada"
"feisty","mal-humorada"
"felicitate","felicitate"
"felicitous","afortunada"
"felicity","Felicity"
"fertile","fértil"
"fertile","fértil"
"fervent","fervorosa"
"fervently","fervorosamente"
"fervid","fervid"
"fervidly","fervidly"
"fervor","fervor"
"festive","festivo"
"fidelity","fidelidade"
"fiery","ardente"
"fine","multa"
"finely","finamente"
"first-class","primeira classe"
"first-rate","primeira taxa"
"fit","caber"
"fitting","montagem"
"flair","flair"
"flame","chama"
"flame","chama"
"flatter","alisador"
"flattering","lisonjeiro"
"flatteringly","flatteringly"
"flawless","impecável"
"flawlessly","perfeição"
"flexible","flexível"
"flourish","florescer"
"flourishing","florescente"
"fluent","fluentes"
"fond","Apaixonado"
"fondly","com carinho"
"fondness","carinho"
"foolproof","infalível"
"foremost","lugar"
"foresight","previsão"
"forgave","perdoou"
"forgive","perdoar"
"forgiven","perdoado"
"forgiveness","perdão"
"forgiving","perdoando"
"forgivingly","forgivingly"
"fortitude","fortaleza"
"fortuitous","fortuito"
"fortuitously","fortuitamente"
"fortunate","sorte"
"fortunate","sorte"
"fortunately","felizmente"
"fortune","fortuna"
"fortune","fortuna"
"fragrant","perfumado"
"frank","frank"
"free","livre"
"freedom","liberdade"
"freedom","liberdade"
"freedoms","liberdades"
"freedoms","liberdades"
"fresh","fresco"
"friend","amigo"
"friend","amigo"
"friendliness","simpatia"
"friendliness","simpatia"
"friendly","amigável"
"friends","amigos"
"friends","amigos"
"friendship","amizade"
"friendship","amizade"
"frolic","Frolic"
"fruitful","frutífero"
"fulfillment","cumprimento"
"fulfillment","cumprimento"
"full-fledged","de pleno direito"
"fun","diversão"
"functional","funcional"
"funny","engraçado"
"funny","engraçado"
"gaiety","alegria"
"gaily","alegremente"
"gain","ganho"
"gain","ganho"
"gainful","remunerado"
"gainfully","remunerado"
"gallant","galante"
"gallantly","galantemente"
"galore","Fartura"
"gem","gem"
"gem","gem"
"gems","gemas"
"gems","gemas"
"generosity","generosidade"
"generous","generoso"
"generously","generosamente"
"genial","genial"
"genius","gênio"
"gentle","suave"
"genuine","genuíno"
"germane","germane"
"giddy","vertiginoso"
"gifted","gifted"
"glad","feliz"
"gladden","alegrar"
"gladly","de bom grado"
"gladness","alegria"
"glamorous","glamourosa"
"glee","glee"
"gleeful","alegre"
"gleefully","alegremente"
"glimmer","vislumbre"
"glimmer","vislumbre"
"glimmer","vislumbre"
"glimmering","vislumbre"
"glisten","brilham"
"glisten","brilham"
"glistening","reluzente"
"glitter","Glitter"
"glitter","Glitter"
"glorify","glorificar"
"glorious","gloriosa"
"gloriously","gloriosamente"
"glory","glória"
"glory","glória"
"glossy","glossy"
"glow","brilham"
"glowing","brilhando"
"glowingly","glowingly"
"go-ahead","ir à frente"
"go-ahead","ir à frente"
"god-given","deus-determinado"
"godlike","divino"
"gold","ouro"
"golden","dourado"
"good","boa"
"goodly","formosas"
"goodness","bondade"
"goodwill","goodwill"
"goodwill","goodwill"
"gorgeous","lindo"
"gorgeously","maravilhosamente"
"grace","graça"
"graceful","graciosa"
"gracefully","graciosamente"
"gracious","gracioso"
"graciously","graciosamente"
"graciousness","graciosidade"
"grail","graal"
"grail","graal"
"grand","grande"
"grandeur","grandeza"
"grateful","grato"
"grateful","grato"
"gratefully","agradecida"
"gratification","gratificação"
"gratify","gratificar"
"gratifying","gratificante"
"gratifyingly","gratifyingly"
"gratitude","gratidão"
"gratitude","gratidão"
"great","grande"
"greatest","maior"
"greatness","grandeza"
"greet","cumprimentá"
"grin","sorriso"
"grit","grit"
"grit","grit"
"groove","sulco"
"groundbreaking","inovador"
"groundbreaking","inovador"
"guarantee","garantia"
"guarantee","garantia"
"guardian","guardian"
"guidance","orientação"
"guidance","orientação"
"guiltless","sem culpa"
"gush","jorro"
"gumption","bom senso"
"gusto","gusto"
"gutsy","valente"
"hail","granizo"
"halcyon","Halcyon"
"hale","Hale"
"hallowed","santificado"
"handily","com folga"
"handsome","bonito"
"handy","acessível"
"hanker","Hanker"
"happily","feliz"
"happiness","felicidade"
"happy","feliz"
"hard-working","trabalhador"
"hardier","hardier"
"hardier","hardier"
"hardy","Hardy"
"harmless","inofensivo"
"harmonious","harmoniosa"
"harmoniously","harmoniosamente"
"harmonize","harmonizar"
"harmony","harmonia"
"harmony","harmonia"
"haven","haven"
"headway","avançar"
"heady","inebriante"
"heal","curar"
"healthful","saudável"
"healthy","saudável"
"healthy","saudável"
"heart","coração"
"hearten","hearten"
"heartening","animador"
"heartfelt","sincera"
"heartily","cordialmente"
"heartwarming","reconfortante"
"heaven","céu"
"heavenly","celestial"
"help","ajuda"
"help","ajuda"
"help","ajuda"
"helpful","útil"
"herald","arauto"
"hero","herói"
"heroic","heróico"
"heroic","heróico"
"heroically","heroicamente"
"heroine","heroína"
"heroize","heroize"
"heros","heros"
"high-quality","de alta qualidade"
"highlight","destaque"
"highlight","destaque"
"hilarious","hilário"
"hilariously","hilariously"
"hilariousness","hilariousness"
"hilarity","hilaridade"
"historic","histórico"
"holy","santo"
"homage","homenagem"
"honest","honesto"
"honest","honesto"
"honestly","honestamente"
"honesty","honestidade"
"honesty","honestidade"
"honeymoon","lua de mel"
"honor","honra"
"honor","honra"
"honor","honra"
"honorable","honrosa"
"hope","Esperamos"
"hope","Esperamos"
"hope","Esperamos"
"hopeful","esperançoso"
"hopefully","esperemos"
"hopefulness","esperança"
"hopes","esperanças"
"hopes","esperanças"
"hospitable","hospitaleiro"
"hot","quente"
"hug","abraço"
"hug","abraço"
"humane","humana"
"humane","humana"
"humanists","humanistas"
"humanists","humanistas"
"humanity","humanidade"
"humankind","humanidade"
"humble","humilde"
"humility","humildade"
"humor","humor"
"humorous","Bem humorado"
"humorously","humoristicamente"
"humour","humor"
"humour","humor"
"humourous","cómico"
"ideal","ideal"
"ideal","ideal"
"idealism","idealismo"
"idealist","idealista"
"idealize","idealizar"
"ideally","idealmente"
"idol","ídolo"
"idol","ídolo"
"idolize","idolatrar"
"idolized","idolatrado"
"idyllic","idílico"
"illuminate","iluminar"
"illuminati","illuminati"
"illuminati","illuminati"
"illuminating","iluminando"
"illumine","iluminar"
"illustrious","ilustre"
"imaginative","imaginativo"
"immaculate","imaculada"
"immaculately","imaculadamente"
"impartial","imparcial"
"impartiality","imparcialidade"
"impartially","imparcialmente"
"impassioned","apaixonado"
"impeccable","impecável"
"impeccably","impecavelmente"
"impel","impelir"
"imperial","imperial"
"imperturbable","imperturbável"
"impervious","impermeável"
"impetus","ímpeto"
"importance","importância"
"important","importante"
"importantly","importante"
"impregnable","inexpugnável"
"impress","impressionar"
"impression","impressão"
"impression","impressão"
"impressions","impressões"
"impressions","impressões"
"impressive","impressionante"
"impressively","impressionantemente"
"impressiveness","impressiveness"
"improving","melhorar"
"improve","melhorar"
"improved","melhorou"
"improvement","melhoria"
"improvise","improvisar"
"inalienable","inalienável"
"incisive","incisivo"
"incisively","incisivamente"
"incisiveness","incisiveness"
"inclination","inclinação"
"inclination","inclinação"
"inclinations","inclinações"
"inclined","inclinado"
"inclusive","inclusiva"
"incontestable","incontestável"
"incontrovertible","incontroverso"
"incorruptible","incorruptível"
"incredible","incrível"
"incredibly","incrivelmente"
"indebted","endividados"
"indefatigable","infatigável"
"indelible","indelével"
"indelibly","indelevelmente"
"independence","independência"
"independence","independência"
"independent","independente"
"indescribable","indescritível"
"indescribably","indescritivelmente"
"indestructible","indestrutível"
"indispensable","indispensável"
"indispensability","indispensabilidade"
"indisputable","indiscutível"
"individuality","individualidade"
"indomitable","indomável"
"indomitably","indomavelmente"
"indubitable","indubitável"
"indubitably","indubitavelmente"
"indulgence","indulgência"
"indulgent","indulgente"
"industrious","industriosa"
"inestimable","inestimável"
"inestimably","inestimavelmente"
"inexpensive","barato"
"infallible","infalível"
"infallibly","infalivelmente"
"infallibility","infalibilidade"
"influential","influente"
"informative","informativo"
"ingenious","engenhoso"
"ingeniously","engenhosamente"
"ingenuity","engenhosidade"
"ingenuous","ingênua"
"ingenuously","ingenuamente"
"ingratiate","congraçar"
"ingratiating","insinuante"
"ingratiatingly","insinuante"
"innocence","inocência"
"innocence","inocência"
"innocent","inocente"
"innocently","inocentemente"
"innocuous","inócuo"
"innocuous","inócuo"
"innovation","inovação"
"innovation","inovação"
"innovative","inovador"
"inoffensive","inofensivo"
"inquisitive","inquisitivo"
"insight","introspecção"
"insight","introspecção"
"insightful","perspicaz"
"insightfully","insightfully"
"insist","insistir"
"insistence","insistência"
"insistence","insistência"
"insistent","insistente"
"insistently","insistentemente"
"inspiration","inspiração"
"inspirational","inspirado"
"inspire","inspirar"
"inspiring","inspiradora"
"inspiring","inspiradora"
"instructive","instrutivo"
"instrumental","instrumental"
"intact","intacto"
"integral","integrante"
"integrity","integridade"
"intelligent","inteligente"
"intelligence","inteligência"
"intelligible","inteligível"
"intercede","interceder"
"interest","juros"
"interest","juros"
"interest","juros"
"interested","interessados"
"interesting","interessante"
"interests","interesses"
"interests","interesses"
"intimacy","intimidade"
"intimacy","intimidade"
"intimate","íntima"
"intricate","intricado"
"intrigue","intriga"
"intrigue","intriga"
"intriguing","intrigante"
"intriguing","intrigante"
"intriguingly","intrigantemente"
"intuitive","intuitiva"
"invaluable","inestimável"
"invaluablely","invaluablely"
"inventive","inventiva"
"invigorate","revigorar"
"invigorating","revigorante"
"invincibility","invencibilidade"
"invincible","invencível"
"inviolable","inviolável"
"inviolate","inviolável"
"invulnerable","invulnerável"
"irrefutable","irrefutável"
"irrefutably","irrefutavelmente"
"irreproachable","irrepreensível"
"irresistible","irresistível"
"irresistibly","irresistivelmente"
"jauntily","jauntily"
"jaunty","jaunty"
"jest","jest"
"joke","piada"
"joke","piada"
"jollify","jollify"
"jolly","alegre"
"jovial","Jovial"
"joy","alegria"
"joyful","alegre"
"joyfully","alegria"
"joyless","sem alegria"
"joyous","alegre"
"joyously","alegremente"
"jubilant","jubiloso"
"jubilantly","jubilantly"
"jubilate","jubilate"
"jubilation","júbilo"
"jubilation","júbilo"
"judicious","judiciosa"
"just","apenas"
"just","apenas"
"just","apenas"
"justice","justiça"
"justice","justiça"
"justifiable","justificável"
"justifiably","justificadamente"
"justification","justificação"
"justify","justificar"
"justly","com justiça"
"keen","aguçada"
"keenly","sutilmente"
"keenness","keenness"
"keenness","keenness"
"kemp","kemp"
"kid","criança"
"kind","tipo"
"kindly","gentilmente"
"kindliness","kindliness"
"kindness","bondade"
"kingmaker","kingmaker"
"kiss","beijo"
"kiss","beijo"
"knowledgeable","conhecedor"
"large","grande"
"large","grande"
"lark","cotovia"
"laud","louvam"
"laudable","louvável"
"laudably","louvavelmente"
"lavish","pródigo"
"lavish","pródigo"
"lavishly","ricamente"
"law-abiding","cumpridores da lei"
"lawful","legal"
"lawfully","legalmente"
"leading","líder"
"lean","magra"
"lean","magra"
"learning","aprendizagem"
"learned","aprendidas"
"legendary","lendário"
"legitimacy","legitimidade"
"legitimate","legítimo"
"legitimately","legitimamente"
"lenient","leniente"
"leniently","leniently"
"less-expensive","menos caro"
"leverage","alavancagem"
"leverage","alavancagem"
"levity","leviandade"
"liberal","liberal"
"liberation","libertação"
"liberation","libertação"
"liberalism","liberalismo"
"liberally","liberalmente"
"liberate","libertar"
"liberty","liberdade"
"lifeblood","seiva"
"lifelong","ao longo da vida"
"light","luz"
"light","luz"
"light-hearted","light-hearted"
"lighten","clarear"
"likable","simpático"
"like","como"
"liking","gosto"
"lionhearted","lionhearted"
"literate","alfabetizados"
"live","viver"
"lively","animado"
"lofty","elevado"
"logical","lógico"
"lovable","adorável"
"lovably","lovably"
"love","amo"
"love","amo"
"loveliness","beleza"
"lover","amante"
"lovely","lovely"
"lovely","lovely"
"low-cost","baixo custo"
"low-risk","baixo risco"
"lower-priced","com preços mais baixos"
"loyal","Fiel"
"loyalty","lealdade"
"loyalty","lealdade"
"lucid","lúcida"
"lucidly","lucidamente"
"luck","sorte"
"luckier","mais sorte"
"luckier","mais sorte"
"luckiest","luckiest"
"luckily","felizmente"
"luckiness","luckiness"
"lucky","sorte"
"lucky","sorte"
"lucrative","lucrativo"
"lucrative","lucrativo"
"luminous","luminosa"
"lush","luxuriante"
"luster","brilho"
"lustrous","brilhante"
"luxuriant","luxuriante"
"luxuriate","deleitar"
"luxurious","luxuoso"
"luxuriously","luxuosamente"
"luxury","luxo"
"luxury","luxo"
"lyrical","lírica"
"magic","magia"
"magical","mágico"
"magnanimous","magnânimo"
"magnanimously","magnanimamente"
"magnetic","magnético"
"magnificence","magnificência"
"magnificent","magnífico"
"magnificent","magnífico"
"magnificently","magnificamente"
"magnify","ampliar"
"majestic","majestoso"
"majesty","majestade"
"manageable","gerenciável"
"manifest","manifesto"
"manly","viril"
"mannerly","mannerly"
"marvel","maravilha"
"marvel","maravilha"
"marvellous","maravilhosa"
"marvelous","maravilhosa"
"marvelous","maravilhosa"
"marvelously","maravilhosamente"
"marvelousness","deslumbramento"
"marvels","maravilhas"
"master","mestre"
"master","mestre"
"masterful","magistral"
"masterfully","magistralmente"
"masterpiece","obra-prima"
"masterpieces","obras-primas"
"masters","mestres"
"masters","mestres"
"mastery","maestria"
"matchless","incomparável"
"mature","madura"
"maturely","maduramente"
"maturity","maturidade"
"maximize","maximizar"
"meaningful","significativa"
"meek","manso"
"mellow","mellow"
"memorable","memorável"
"memorialize","decorar"
"mend","mend"
"mentor","mentora"
"merciful","misericordioso"
"mercifully","misericordiosamente"
"mercy","misericórdia"
"mercy","misericórdia"
"merit","mérito"
"merit","mérito"
"meritorious","meritório"
"merrily","alegremente"
"merriment","alegria"
"merriness","merriness"
"merry","merry"
"mesmerize","hipnotizar"
"mesmerizing","hipnotizante"
"mesmerizing","hipnotizante"
"mesmerizingly","mesmerizingly"
"meticulous","meticuloso"
"meticulously","meticulosamente"
"might","pode"
"mightily","poderosamente"
"mighty","poderoso"
"mild","leve"
"mindful","consciente"
"minister","ministro"
"miracle","milagre"
"miracles","milagres"
"miraculous","milagrosa"
"miraculously","milagrosamente"
"miraculousness","miraculosidade"
"mirth","alegria"
"moderate","moderada"
"moderation","moderação"
"moderation","moderação"
"modern","moderno"
"modest","modesto"
"modesty","modéstia"
"mollify","aplacar"
"momentous","momentoso"
"monumental","monumental"
"monumentally","monumentalmente"
"moral","moral"
"moral","moral"
"morality","moralidade"
"moralize","moralizar"
"motivate","motivar"
"motivated","motivado"
"motivation","motivação"
"motivation","motivação"
"moving","em movimento"
"myriad","miríade"
"natural","naturais"
"naturally","naturalmente"
"navigable","navegável"
"neat","puro"
"neatly","ordenadamente"
"necessarily","necessariamente"
"necessary","necessário"
"neutralize","neutralizar"
"nice","bom"
"nicely","bem"
"nifty","bacana"
"nimble","ágil"
"noble","nobre"
"nobly","nobremente"
"non-violence","não-violência"
"non-violent","não-violenta"
"normal","normais"
"notable","notável"
"notable","notável"
"notably","notadamente"
"noteworthy","digno de nota"
"noteworthy","digno de nota"
"noticeable","perceptível"
"novel","novela"
"nourish","nutrir"
"nourishing","nutritivo"
"nourishment","nutrição"
"nurture","nutrir"
"nurturing","carinho"
"nurturing","carinho"
"oasis","oasis"
"obedience","obediência"
"obedient","obediente"
"obediently","obedientemente"
"obey","obedecer"
"objective","objetivo"
"objectively","objetivamente"
"obliged","obrigado"
"obviate","obviar"
"offbeat","excêntrico"
"offset","compensada"
"okay","ok"
"okay","ok"
"onward","em diante"
"onward","em diante"
"open","aberto"
"openly","abertamente"
"openness","abertura"
"openness","abertura"
"opportune","oportuna"
"opportunity","oportunidade"
"optimal","optimal"
"optimism","otimismo"
"optimistic","otimista"
"opulent","opulento"
"orderly","ordenada"
"original","originais"
"originality","originalidade"
"outdo","superar"
"outgoing","saída"
"outshine","ofuscar"
"outsmart","ser mais esperto"
"outstanding","excelente"
"outstandingly","excepcionalmente"
"outstrip","outstrip"
"outwit","despistar"
"ovation","ovação"
"ovation","ovação"
"overachiever","overachiever"
"overjoyed","muito feliz"
"overture","overture"
"overture","overture"
"pacifist","pacifista"
"pacifists","pacifistas"
"pacifists","pacifistas"
"painless","indolor"
"painlessly","sem dor"
"painstaking","meticuloso"
"painstakingly","meticulosamente"
"palatable","palatável"
"palatial","palaciana"
"palliate","paliar"
"pamper","mimar"
"paradise","paraíso"
"paramount","primordial"
"pardon","perdão"
"passion","paixão"
"passionate","apaixonado"
"passionately","apaixonadamente"
"patience","paciência"
"patient","paciente"
"patient","paciente"
"patient","paciente"
"patiently","pacientemente"
"patriot","patriota"
"patriotic","patriótico"
"peace","paz"
"peace","paz"
"peaceable","pacífico"
"peaceful","pacífica"
"peaceful","pacífica"
"peacefully","pacificamente"
"peacekeepers","forças de paz"
"peacekeepers","forças de paz"
"peerless","inigualável"
"penetrating","penetrando"
"penitent","penitente"
"perceptive","perceptivo"
"perfect","perfeito"
"perfect","perfeito"
"perfect","perfeito"
"perfection","perfeição"
"perfectly","perfeitamente"
"permissible","permissível"
"perseverance","perseverança"
"persevere","perseverar"
"persistent","persistente"
"persistent","persistente"
"personages","personagens"
"personages","personagens"
"personality","personalidade"
"personality","personalidade"
"perspicuous","perspícua"
"perspicuously","perspicuously"
"persuade","persuadir"
"persuasive","persuasivo"
"persuasive","persuasivo"
"persuasively","persuasivamente"
"pertinent","pertinente"
"phenomenal","fenomenal"
"phenomenally","fenomenalmente"
"picturesque","pitoresca"
"piety","piedade"
"pillar","pilar"
"pillar","pilar"
"pinnacle","pináculo"
"pious","piedoso"
"pithy","conciso"
"pithy","conciso"
"placate","aplacar"
"placid","plácido"
"plain","plain"
"plainly","claramente"
"plausibility","plausibilidade"
"plausible","plausível"
"playful","brincalhão"
"playfully","brincadeira"
"pleasant","agradável"
"pleasantly","agradavelmente"
"please","por favor"
"pleased","satisfeito"
"pleasing","agradável"
"pleasingly","agradavelmente"
"pleasurable","prazerosa"
"pleasurably","pleasurably"
"pleasure","prazer"
"pleasure","prazer"
"pledge","penhor"
"pledge","penhor"
"pledges","promessas"
"pledges","promessas"
"plentiful","abundante"
"plenty","abundância"
"plush","pelúcia"
"poetic","poética"
"poeticize","poetiza"
"poignant","pungente"
"poise","poise"
"poised","pronta"
"polished","polido"
"polite","educados"
"politeness","polidez"
"popular","populares"
"popular","populares"
"popularity","popularidade"
"popularity","popularidade"
"portable","portátil"
"posh","elegante"
"positive","positivo"
"positiveness","positividade"
"positively","positivamente"
"posterity","posteridade"
"potent","potente"
"potential","potencial"
"potential","potencial"
"powerful","poderoso"
"powerfully","poderosamente"
"practicable","praticável"
"practical","prática"
"pragmatic","pragmática"
"praise","louvor"
"praise","louvor"
"praiseworthy","louvável"
"praising","elogiando"
"praising","elogiando"
"pre-eminent","preeminente"
"preach","Pregar"
"preaching","pregação"
"preaching","pregação"
"precaution","precaução"
"precautions","precauções"
"precedent","precedente"
"precious","precioso"
"precious","precioso"
"precise","preciso"
"precisely","precisamente"
"precision","precisão"
"preeminent","preeminente"
"preemptive","de preferência"
"prefer","preferem"
"preferable","preferível"
"preferable","preferível"
"preferably","de preferência"
"preference","preferência"
"preferences","preferências"
"preferences","preferências"
"premier","premier"
"premium","prémio"
"prepared","preparado"
"preponderance","preponderância"
"preponderance","preponderância"
"press","imprensa"
"prestige","prestígio"
"prestigious","prestigiado"
"prettily","prettily"
"pretty","pretty"
"priceless","inestimável"
"pride","orgulho"
"principle","princípio"
"principle","princípio"
"principled","princípios"
"privilege","privilégio"
"privileged","privilegiado"
"prize","prêmio"
"pro","pro"
"pro-American","pró-americano"
"pro-American","pró-americano"
"pro-Beijing","pró-Pequim"
"pro-Beijing","pró-Pequim"
"pro-Cuba","pró-Cuba"
"pro-Cuba","pró-Cuba"
"pro-peace","pró-paz"
"pro-peace","pró-paz"
"proactive","proativa"
"proactive","proativa"
"prodigious","prodigiosa"
"prodigiously","prodigiosamente"
"prodigy","prodígio"
"productive","produtivo"
"profess","professam"
"proficient","proficiente"
"proficiently","proficientemente"
"profit","lucro"
"profit","lucro"
"profitable","rentável"
"profound","profunda"
"profoundly","profundamente"
"profuse","profusa"
"profusely","profusamente"
"profusion","profusão"
"progress","progresso"
"progress","progresso"
"progressive","progressiva"
"prolific","prolífico"
"prominent","proeminente"
"prominence","proeminência"
"promise","promessa"
"promise","promessa"
"promising","promissora"
"promoter","promotor"
"promoter","promotor"
"prompt","prompt de"
"promptly","prontamente"
"proper","adequada"
"properly","corretamente"
"propitious","propícia"
"propitiously","propícia"
"prospect","perspectiva"
"prospect","perspectiva"
"prospects","perspectivas"
"prospects","perspectivas"
"prosper","prosperar"
"prosperity","prosperidade"
"prosperity","prosperidade"
"prosperous","próspero"
"protect","proteger"
"protection","proteção"
"protective","proteção"
"protector","protetor"
"protector","protetor"
"proud","orgulhoso"
"providence","providência"
"prowess","proezas"
"prudence","prudência"
"prudence","prudência"
"prudent","prudente"
"prudently","prudentemente"
"punctual","pontual"
"pundits","especialistas"
"pundits","especialistas"
"pure","puro"
"purification","purificação"
"purify","purificar"
"purity","pureza"
"purposeful","proposital"
"quaint","pitoresca"
"qualified","qualificado"
"qualify","qualificar"
"qualify","qualificar"
"quasi-ally","quasi-aliado"
"quasi-ally","quasi-aliado"
"quench","têmpera"
"quicken","vivificar"
"radiance","radiância"
"radiant","radiante"
"rally","rali"
"rapprochement","aproximação"
"rapprochement","aproximação"
"rapport","relacionamento"
"rapt","extasiada"
"rapture","arrebatamento"
"rapture","arrebatamento"
"raptureous","raptureous"
"raptureously","raptureously"
"rapturous","rapturous"
"rapturously","rapturously"
"rational","racional"
"rationality","racionalidade"
"rationality","racionalidade"
"rave","delírio"
"re-conquest","reconquista"
"re-conquest","reconquista"
"readily","prontamente"
"ready","pronto"
"reaffirm","Reafirmamos"
"reaffirmation","reafirmação"
"reaffirmation","reafirmação"
"real","reais"
"realist","realista"
"realistic","realista"
"realistically","realisticamente"
"reason","razão"
"reasonable","razoável"
"reasonably","razoavelmente"
"reasoned","fundamentado"
"reassurance","garantia"
"reassurance","garantia"
"reassure","tranquilizá"
"receptive","receptivo"
"reclaim","recuperar"
"recognition","reconhecimento"
"recognition","reconhecimento"
"recommend","recomendamos"
"recommendation","recomendação"
"recommendations","recomendações"
"recommendations","recomendações"
"recommended","recomenda"
"recompense","recompensa"
"recompense","recompensa"
"reconcile","conciliar"
"reconciliation","reconciliação"
"reconciliation","reconciliação"
"record-setting","recordista"
"recover","recuperar"
"rectification","retificação"
"rectification","retificação"
"rectify","retificar"
"rectifying","retificação"
"rectifying","retificação"
"redeem","redimir"
"redeeming","redentor"
"redemption","redenção"
"reestablish","restabelecer"
"refine","refinar"
"refined","refinado"
"refinement","refinamento"
"reform","reforma"
"reform","reforma"
"refresh","atualização"
"refreshing","refrescante"
"refuge","refúgio"
"regal","régio"
"regally","regiamente"
"regard","relação"
"rehabilitate","reabilitar"
"rehabilitation","reabilitação"
"reinforce","reforçar"
"reinforcement","reforço"
"rejoice","regozijar"
"rejoicing","regozijo"
"rejoicingly","regozijo"
"relax","relaxar"
"relaxed","relaxado"
"relent","ceder"
"relevant","relevante"
"relevance","relevância"
"reliable","confiável"
"reliability","confiabilidade"
"reliably","confiavelmente"
"relief","alívio"
"relief","alívio"
"relieve","aliviar"
"relish","relish"
"remarkable","notável"
"remarkable","notável"
"remarkably","notavelmente"
"remedy","remédio"
"reminiscent","reminiscência"
"reminiscent","reminiscência"
"remunerate","remunerar"
"renaissance","renascimento"
"renewal","renovação"
"renovate","renovar"
"renovation","renovação"
"renown","renome"
"renowned","renomado"
"repair","reparação"
"repair","reparação"
"reparation","reparação"
"repay","reembolsar"
"repent","arrepender-se"
"repentance","arrependimento"
"reputable","respeitável"
"rescue","resgate"
"rescue","resgate"
"resilient","resiliente"
"resolute","resoluta"
"resolve","resolver"
"resolve","resolver"
"resolve","resolver"
"resolved","resolvidas"
"resound","ressoar"
"resounding","retumbante"
"resourceful","engenhoso"
"resourcefulness","desenvoltura"
"respect","respeito"
"respect","respeito"
"respect","respeito"
"respectable","respeitável"
"respectful","respeitoso"
"respectfully","respeitosamente"
"respite","trégua"
"resplendent","resplandecente"
"responsibility","responsabilidade"
"responsible","responsável"
"responsibly","responsavelmente"
"responsive","responsivo"
"restful","repousante"
"restoration","restauração"
"restore","restaurar"
"restraint","restrição"
"restraint","restrição"
"resurgent","ressurgente"
"reunite","reunir"
"revel","revel"
"revel","revel"
"revel","revel"
"revelation","revelação"
"revelation","revelação"
"revere","Revere"
"reverence","reverência"
"reverent","reverente"
"reverently","reverentemente"
"revival","reavivamento"
"revive","reavivar"
"revitalize","revitalizar"
"revolution","revolução"
"revolution","revolução"
"reward","recompensa"
"rewarding","gratificante"
"rewardingly","rewardingly"
"rich","rico"
"riches","riquezas"
"richly","ricamente"
"richness","riqueza"
"right","direito"
"right","direito"
"right","direito"
"righten","righten"
"righteous","justos"
"righteously","retamente"
"righteousness","justiça"
"rightful","legítimo"
"rightfully","legitimamente"
"rightly","acertadamente"
"rightness","acerto"
"rightness","acerto"
"rights","direitos"
"rights","direitos"
"ripe","maduro"
"risk-free","livre de risco"
"robust","robusto"
"romantic","romântico"
"romantically","romanticamente"
"romanticize","romantizar"
"rosy","rosado"
"rousing","empolgante"
"sacred","sagrada"
"safe","seguro"
"safeguard","salvaguardar"
"sagacity","sagacidade"
"sage","sage"
"sagely","sabiamente"
"saint","santo"
"saintliness","santidade"
"saintly","santo"
"salable","vendável"
"salivate","salivar"
"salutary","salutar"
"salute","saudação"
"salvation","salvação"
"sanctify","santificar"
"sanction","sanção"
"sanctity","santidade"
"sanctuary","santuário"
"sanctuary","santuário"
"sanguine","otimista"
"sane","sane"
"sanity","sanidade"
"sanity","sanidade"
"satisfaction","satisfação"
"satisfaction","satisfação"
"satisfactorily","satisfatoriamente"
"satisfactory","satisfatória"
"satisfy","satisfazem"
"satisfying","satisfatória"
"savor","sabor"
"savvy","savvy"
"scenic","cênica"
"scruples","escrúpulos"
"scrupulous","escrupuloso"
"scrupulously","escrupulosamente"
"seamless","sem costura"
"seasoned","experiente"
"secure","garantir"
"securely","segurança"
"security","segurança"
"security","segurança"
"seductive","sedutor"
"selective","seletiva"
"self-determination","autodeterminação"
"self-determination","autodeterminação"
"self-respect","auto-estima"
"self-satisfaction","auto-satisfação"
"self-satisfaction","auto-satisfação"
"self-sufficiency","auto-suficiência"
"self-sufficiency","auto-suficiência"
"self-sufficient","auto-suficiente"
"semblance","aparência"
"sensation","sensação"
"sensation","sensação"
"sensational","sensacional"
"sensationally","sensacionalmente"
"sensations","sensações"
"sensations","sensações"
"sense","sentido"
"sense","sentido"
"sense","sentido"
"sensible","sensible"
"sensibly","sensatamente"
"sensitive","sensível"
"sensitive","sensível"
"sensitively","sensibilidade"
"sensitivity","sensibilidade"
"sensitivity","sensibilidade"
"sentiment","sentimento"
"sentiment","sentimento"
"sentimentality","sentimentalismo"
"sentimentally","sentimentalmente"
"sentiments","sentimentos"
"serene","sereno"
"serenity","serenidade"
"settle","resolver"
"sexy","sexy"
"shelter","abrigo"
"shelter","abrigo"
"shield","proteger"
"shimmer","brilho"
"shimmering","cintilante"
"shimmeringly","shimmeringly"
"shine","brilho"
"shiny","brilhante"
"shiny","brilhante"
"shrewd","astuto"
"shrewdly","astutamente"
"shrewdness","shrewdness"
"significant","significativa"
"significance","significado"
"signify","significar"
"simple","simples"
"simplicity","simplicidade"
"simplified","simplificada"
"simplify","simplificar"
"sincere","sincero"
"sincerely","sinceramente"
"sincerity","sinceridade"
"sincerity","sinceridade"
"skill","habilidade"
"skilled","qualificados"
"skillful","hábil"
"skillful","hábil"
"skillfully","habilmente"
"sleek","elegante"
"slender","delgado"
"slim","Magro"
"slim","Magro"
"smart","inteligente"
"smart","inteligente"
"smarter","mais inteligente"
"smartest","mais inteligente"
"smartly","inteligentemente"
"smile","sorriso"
"smile","sorriso"
"smiling","sorrindo"
"smilingly","sorrindo"
"smitten","ferido"
"smooth","suave"
"sociable","Sociável"
"soft-spoken","fala mansa"
"soften","amaciar"
"soften","amaciar"
"soften","amaciar"
"solace","solace"
"solicitous","solícito"
"solicitously","solicitamente"
"solicitude","solicitude"
"solid","sólida"
"solid","sólida"
"solidarity","solidariedade"
"solidarity","solidariedade"
"soothe","acalmar"
"soothingly","suavemente"
"sophisticated","sofisticado"
"sound","som"
"soundness","solidez"
"spacious","espaçoso"
"spare","reposição"
"sparing","sparing"
"sparingly","com moderação"
"sparkle","brilho"
"sparkling","espumante"
"special","especial"
"spectacular","espetacular"
"spectacularly","espetacularmente"
"speedy","speedy"
"spellbind","spellbind"
"spellbinding","fascinante"
"spellbindingly","spellbindingly"
"spellbound","enfeitiçada"
"spirit","espírito"
"spirit","espírito"
"spirited","espirituoso"
"spiritual","espiritual"
"spiritual","espiritual"
"splendid","esplêndido"
"splendidly","esplendidamente"
"splendor","esplendor"
"spotless","impecável"
"sprightly","vivaz"
"spur","espora"
"squarely","esquadria"
"stability","estabilidade"
"stability","estabilidade"
"stabilize","estabilizar"
"stable","estável"
"stable","estável"
"stainless","inoxidável"
"stand","ficar"
"star","estrela"
"star","estrela"
"stars","estrelas"
"stars","estrelas"
"stately","imponente"
"statuesque","escultural"
"staunch","acérrimo"
"staunchly","ferrenhamente"
"staunchness","firmeza"
"steadfast","firme"
"steadfastly","firmemente"
"steadfastness","firmeza"
"steadiness","estabilidade"
"steady","estável"
"stellar","estelar"
"stellarly","stellarly"
"stimulate","estimular"
"stimulating","estimulando"
"stimulative","stimulative"
"stirring","agitação"
"stirringly","convincentemente"
"stood","se"
"straight","reta"
"straightforward","simples"
"streamlined","simplificada"
"stride","stride"
"stride","stride"
"strides","avanços"
"strides","avanços"
"striking","impressionante"
"strikingly","contundentemente"
"striving","esforçando-se"
"striving","esforçando-se"
"strong","forte"
"studious","estudioso"
"studiously","studiously"
"stunned","atordoado"
"stunning","deslumbrante"
"stunningly","incrivelmente"
"stupendous","estupendo"
"stupendously","stupendously"
"sturdy","resistente"
"stylish","elegante"
"stylishly","elegantemente"
"suave","suave"
"sublime","sublime"
"subscribe","subscrever"
"substantial","substancial"
"substantially","substancialmente"
"substantive","substantiva"
"subtle","sutil"
"succeed","sucesso"
"success","sucesso"
"success","sucesso"
"successful","sucesso"
"successfully","com sucesso"
"suffice","suficiente"
"sufficient","suficiente"
"sufficiently","suficientemente"
"suggest","sugerem"
"suggestions","sugestões"
"suggestions","sugestões"
"suit","terno"
"suitable","adequado"
"sumptuous","suntuoso"
"sumptuously","suntuosamente"
"sumptuousness","suntuosidade"
"sunny","ensolarado"
"super","Super"
"superb","superb"
"superbly","soberbamente"
"superior","superiores"
"superlative","superlativo"
"support","apoio"
"support","apoio"
"support","apoio"
"supporter","supporter"
"supporter","supporter"
"supportive","apoio"
"supportive","apoio"
"supreme","suprema"
"supremely","supremamente"
"supurb","supurb"
"supurbly","supurbly"
"sure","Certifique-se"
"surely","certamente"
"surge","aumento"
"surging","afluência"
"surmise","conjecturar"
"surmount","superar"
"surpass","superar"
"survival","sobrevivência"
"survive","sobreviver"
"survivor","sobrevivente"
"sustainability","sustentabilidade"
"sustainability","sustentabilidade"
"sustainable","sustentável"
"sustainable","sustentável"
"sustained","sustentado"
"sweeping","varrição"
"sweet","doce"
"sweeten","adoçar"
"sweetheart","querida"
"sweetly","docemente"
"sweetness","doçura"
"swift","swift"
"swiftness","rapidez"
"sworn","jurado"
"tact","tato"
"talent","talento"
"talent","talento"
"talented","talentosa"
"tantalize","atormentar"
"tantalizing","tentadora"
"tantalizingly","tentadoramente"
"taste","gosto"
"temperance","temperança"
"temperate","temperado"
"tempt","tentá"
"tempting","tentador"
"temptingly","temptingly"
"tenacious","tenaz"
"tenaciously","tenazmente"
"tenacity","tenacidade"
"tender","concurso"
"tenderly","ternamente"
"tenderness","ternura"
"terrific","fantástico"
"terrific","fantástico"
"terrifically","terrivelmente"
"terrified","aterrorizada"
"terrify","aterrorizar"
"terrifying","aterrorizante"
"terrifying","aterrorizante"
"terrifyingly","terrifyingly"
"thank","obrigado"
"thankful","grato"
"thankfully","felizmente"
"thinkable","pensável"
"thinkable","pensável"
"thorough","minuciosa"
"thoughtful","pensativo"
"thoughtfully","pensativo"
"thoughtfulness","reflexão"
"thrift","parcimônia"
"thrifty","parcimonioso"
"thrill","emoção"
"thrill","emoção"
"thrilling","emocionante"
"thrillingly","thrillingly"
"thrills","emoções"
"thrive","prosperar"
"thriving","próspera"
"tickle","cócegas"
"tidy","arrumado"
"time-honored","honrada"
"timely","oportuna"
"tingle","formigamento"
"titillate","excitar"
"titillating","excitante"
"titillatingly","titillatingly"
"toast","brinde"
"togetherness","União"
"tolerable","tolerável"
"tolerably","tolerably"
"tolerance","tolerância"
"tolerance","tolerância"
"tolerant","tolerante"
"tolerantly","tolerantly"
"tolerate","toleram"
"toleration","tolerância"
"top","topo"
"torrid","tórrido"
"torridly","torridly"
"tradition","tradição"
"traditional","tradicional"
"tranquil","tranquilo"
"tranquility","tranquilidade"
"tranquility","tranquilidade"
"treasure","tesouro"
"treat","tratar"
"tremendous","tremenda"
"tremendously","tremendamente"
"trendy","trendy"
"trepidation","trepidação"
"tribute","homenagem"
"trim","aparar"
"triumph","triunfo"
"triumph","triunfo"
"triumphal","triunfal"
"triumphant","triunfante"
"triumphant","triunfante"
"triumphantly","triunfalmente"
"truculent","truculento"
"truculently","truculenta"
"true","verdade"
"truly","verdadeiramente"
"trump","trunfo"
"trumpet","trombeta"
"trust","confiança"
"trust","confiança"
"trust","confiança"
"trusting","confiante"
"trustingly","trustingly"
"trustworthiness","confiabilidade"
"trustworthy","confiável"
"truth","verdade"
"truthful","veraz"
"truthfully","sinceramente"
"truthfulness","veracidade"
"twinkly","twinkly"
"ultimate","ultimate"
"ultimately","em última análise, "
"ultra","ultra-"
"unabashed","ousado"
"unabashedly","descaradamente"
"unanimous","unânime"
"unassailable","inatacável"
"unassailable","inatacável"
"unbiased","imparcial"
"unbosom","unbosom"
"unbound","desvinculado"
"unbroken","ininterrupta"
"uncommon","incomum"
"uncommonly","uncommonly"
"unconcerned","despreocupado"
"unconditional","incondicional"
"unconventional","não convencional"
"undaunted","destemido"
"understand","compreender"
"understandable","compreensível"
"understanding","compreensão"
"understanding","compreensão"
"understood","entendido"
"understate","subestimar"
"understated","discreto"
"understatedly","understatedly"
"undisputable","indiscutível"
"undisputably","undisputably"
"undisputed","indiscutível"
"undoubted","indubitável"
"undoubtedly","sem dúvida, "
"unencumbered","desembaraçadas"
"unequivocal","inequívoco"
"unequivocal","inequívoco"
"unequivocally","inequivocamente"
"unfazed","imperturbável"
"unfettered","sem restrições"
"unforgettable","inesquecível"
"uniform","uniforme"
"uniformly","uniformemente"
"unique","único"
"unity","unidade"
"unity","unidade"
"universal","universal"
"unlimited","ilimitada"
"unparalleled","incomparável"
"unpretentious","despretensioso"
"unquestionable","inquestionável"
"unquestionably","inquestionavelmente"
"unrestricted","irrestrito"
"unscathed","ileso"
"unselfish","altruísta"
"untouched","intocado"
"untrained","destreinado"
"upbeat","upbeat"
"upfront","upfront"
"upgrade","atualização"
"upheld","confirmada"
"uphold","defender"
"uplift","soerguimento"
"uplifting","uplifting"
"upliftingly","upliftingly"
"upliftment","elevação"
"upliftment","elevação"
"upright","vertical"
"upscale","upscale"
"upside","cabeça"
"upside","cabeça"
"upward","para cima"
"urge","instar"
"usable","utilizável"
"useful","útil"
"usefulness","utilidade"
"utilitarian","utilitária"
"utmost","maior"
"uttermost","uttermost"
"valiant","valente"
"valiantly","valentemente"
"valid","válido"
"validity","validade"
"valor","valor"
"valuable","valiosa"
"valuable","valiosa"
"value","valor"
"values","valores"
"values","valores"
"vanquish","vencer"
"vast","grande"
"vastly","vastamente"
"vastness","vastidão"
"venerable","venerável"
"venerably","venerably"
"venerate","venerar"
"verifiable","verificável"
"veritable","verdadeira"
"versatile","versátil"
"versatility","versatilidade"
"viable","viável"
"viability","viabilidade"
"vibrant","vibrante"
"vibrantly","vibrantemente"
"victorious","vitorioso"
"victory","vitória"
"victory","vitória"
"vigilance","vigilância"
"vigilant","vigilante"
"vigilant","vigilante"
"vigorous","vigorosa"
"vigorously","vigorosamente"
"vindicate","vindicar"
"vintage","vindima"
"virtue","virtude"
"virtuous","virtuoso"
"virtuously","virtuosamente"
"visionary","visionário"
"vital","vital"
"vitality","vitalidade"
"vitality","vitalidade"
"vivacious","vivaz"
"vivid","vívida"
"voluntarily","voluntariamente"
"voluntary","voluntário"
"vouch","atestar"
"vouchsafe","Vouchsafe"
"vow","voto"
"vulnerable","vulneráveis"
"vulnerable","vulneráveis"
"want","quer"
"warm","quente"
"warmhearted","warmhearted"
"warmly","calorosamente"
"warmth","calor"
"wealthy","rico"
"welcome","bem-vindo"
"welcome","bem-vindo"
"welcome","bem-vindo"
"welcome","bem-vindo"
"welfare","bem-estar"
"welfare","bem-estar"
"well","bem"
"well","bem"
"well-being","bem-estar"
"well-being","bem-estar"
"well-connected","bem conectado"
"well-educated","bem-educado"
"well-established","bem estabelecida"
"well-informed","bem informado"
"well-intentioned","bem-intencionado"
"well-managed","bem gerida"
"well-positioned","Bem posicionado"
"well-publicized","bem divulgada"
"well-received","bem recebido"
"well-regarded","bem-visto"
"well-run","bem administrada"
"well-wishers","simpatizantes"
"well-wishers","simpatizantes"
"wellbeing","bem-estar"
"wellbeing","bem-estar"
"whimsical","caprichoso"
"white","branco"
"wholeheartedly","sinceramente"
"wholesome","saudável"
"wide","ampla"
"wide-open","escancarado"
"wide-ranging","ampla"
"will","vontade"
"will","vontade"
"willful","intencional"
"willfully","voluntariamente"
"willing","dispostos"
"willingness","vontade"
"willingness","vontade"
"wink","piscadela"
"wink","piscadela"
"winnable","winnable"
"winnable","winnable"
"winners","vencedores"
"winners","vencedores"
"wisdom","sabedoria"
"wisdom","sabedoria"
"wise","sábio"
"wise","sábio"
"wisely","sabiamente"
"wish","desejo"
"wish","desejo"
"wish","desejo"
"wishes","desejos"
"wishes","desejos"
"wishing","desejando"
"wishing","desejando"
"witty","espirituoso"
"wonder","pergunto"
"wonderful","maravilhoso"
"wonderful","maravilhoso"
"wonderfully","maravilhosamente"
"wonderous","wonderous"
"wonderously","wonderously"
"wondrous","maravilhoso"
"woo","woo"
"workable","viável"
"world-famous","mundialmente famoso"
"worship","adoração"
"worth","vale a pena"
"worth","vale a pena"
"worth-while","valha a pena"
"worthiness","merecimento"
"worthwhile","vale a pena"
"worthy","digno"
"wow","uau"
"wow","uau"
"wry","torto"
"yearn","anseiam"
"yearning","anseio"
"yearningly","yearningly"
"yep","yep"
"yes","sim"
"youthful","juvenil"
"zeal","zelo"
"zenith","zênite"
"zest","raspas"
